subset,relpath,env,move_label,act_label,composite_label,split
A_hand,A_hand/BACKWARD_01_E1.mp4,BrightQuiet,BACKWARD,NONE,BACKWARD+NONE,train
A_hand,A_hand/BACKWARD_01_E3.mp4,DimQuiet,BACKWARD,NONE,BACKWARD+NONE,train
A_hand,A_hand/BACKWARD_02_E1.mp4,BrightQuiet,BACKWARD,NONE,BACKWARD+NONE,train
A_hand,A_hand/BACKWARD_02_E3.mp4,DimQuiet,BACKWARD,NONE,BACKWARD+NONE,train
A_hand,A_hand/BACKWARD_03_E1.mp4,BrightQuiet,BACKWARD,NONE,BACKWARD+NONE,train
A_hand,A_hand/BACKWARD_03_E3.mp4,DimQuiet,BACKWARD,NONE,BACKWARD+NONE,val
A_hand,A_hand/BACKWARD_04_E1.mp4,BrightQuiet,BACKWARD,NONE,BACKWARD+NONE,test
A_hand,A_hand/BACKWARD_04_E3.mp4,DimQuiet,BACKWARD,NONE,BACKWARD+NONE,train
A_hand,A_hand/BACKWARD_05_E1.mp4,BrightQuiet,BACKWARD,NONE,BACKWARD+NONE,train
A_hand,A_hand/BACKWARD_05_E3.mp4,DimQuiet,BACKWARD,NONE,BACKWARD+NONE,val
A_hand,A_hand/BACKWARD_06_E1.mp4,BrightQuiet,BACKWARD,NONE,BACKWARD+NONE,test
A_hand,A_hand/BACKWARD_06_E3.mp4,DimQuiet,BACKWARD,NONE,BACKWARD+NONE,val
A_hand,A_hand/BACKWARD_07_E1.mp4,BrightQuiet,BACKWARD,NONE,BACKWARD+NONE,val
A_hand,A_hand/BACKWARD_07_E3.mp4,DimQuiet,BACKWARD,NONE,BACKWARD+NONE,train
A_hand,A_hand/BACKWARD_08_E1.mp4,BrightQuiet,BACKWARD,NONE,BACKWARD+NONE,test
A_hand,A_hand/BACKWARD_08_E3.mp4,DimQuiet,BACKWARD,NONE,BACKWARD+NONE,val
A_hand,A_hand/BACKWARD_09_E1.mp4,BrightQuiet,BACKWARD,NONE,BACKWARD+NONE,train
A_hand,A_hand/BACKWARD_09_E3.mp4,DimQuiet,BACKWARD,NONE,BACKWARD+NONE,train
A_hand,A_hand/BACKWARD_10_E1.mp4,BrightQuiet,BACKWARD,NONE,BACKWARD+NONE,train
A_hand,A_hand/BACKWARD_10_E3.mp4,DimQuiet,BACKWARD,NONE,BACKWARD+NONE,test
A_hand,A_hand/BACKWARD_11_E1.mp4,BrightQuiet,BACKWARD,NONE,BACKWARD+NONE,train
A_hand,A_hand/BACKWARD_11_E3.mp4,DimQuiet,BACKWARD,NONE,BACKWARD+NONE,train
A_hand,A_hand/BACKWARD_12_E1.mp4,BrightQuiet,BACKWARD,NONE,BACKWARD+NONE,test
A_hand,A_hand/BACKWARD_12_E3.mp4,DimQuiet,BACKWARD,NONE,BACKWARD+NONE,train
A_hand,A_hand/BACKWARD_13_E1.mp4,BrightQuiet,BACKWARD,NONE,BACKWARD+NONE,train
A_hand,A_hand/BACKWARD_13_E3.mp4,DimQuiet,BACKWARD,NONE,BACKWARD+NONE,val
A_hand,A_hand/BACKWARD_14_E1.mp4,BrightQuiet,BACKWARD,NONE,BACKWARD+NONE,test
A_hand,A_hand/BACKWARD_14_E3.mp4,DimQuiet,BACKWARD,NONE,BACKWARD+NONE,train
A_hand,A_hand/BACKWARD_15_E1.mp4,BrightQuiet,BACKWARD,NONE,BACKWARD+NONE,train
A_hand,A_hand/BACKWARD_15_E3.mp4,DimQuiet,BACKWARD,NONE,BACKWARD+NONE,train
A_hand,A_hand/FORWARD_01_E1.mp4,BrightQuiet,FORWARD,NONE,FORWARD+NONE,train
A_hand,A_hand/FORWARD_01_E3.mp4,DimQuiet,FORWARD,NONE,FORWARD+NONE,train
A_hand,A_hand/FORWARD_02_E1.mp4,BrightQuiet,FORWARD,NONE,FORWARD+NONE,train
A_hand,A_hand/FORWARD_02_E3.mp4,DimQuiet,FORWARD,NONE,FORWARD+NONE,train
A_hand,A_hand/FORWARD_03_E1.mp4,BrightQuiet,FORWARD,NONE,FORWARD+NONE,train
A_hand,A_hand/FORWARD_03_E3.mp4,DimQuiet,FORWARD,NONE,FORWARD+NONE,train
A_hand,A_hand/FORWARD_04_E1.mp4,BrightQuiet,FORWARD,NONE,FORWARD+NONE,train
A_hand,A_hand/FORWARD_04_E3.mp4,DimQuiet,FORWARD,NONE,FORWARD+NONE,val
A_hand,A_hand/FORWARD_05_E1.mp4,BrightQuiet,FORWARD,NONE,FORWARD+NONE,train
A_hand,A_hand/FORWARD_05_E3.mp4,DimQuiet,FORWARD,NONE,FORWARD+NONE,val
A_hand,A_hand/FORWARD_06_E1.mp4,BrightQuiet,FORWARD,NONE,FORWARD+NONE,train
A_hand,A_hand/FORWARD_06_E3.mp4,DimQuiet,FORWARD,NONE,FORWARD+NONE,test
A_hand,A_hand/FORWARD_07_E1.mp4,BrightQuiet,FORWARD,NONE,FORWARD+NONE,val
A_hand,A_hand/FORWARD_07_E3.mp4,DimQuiet,FORWARD,NONE,FORWARD+NONE,train
A_hand,A_hand/FORWARD_08_E1.mp4,BrightQuiet,FORWARD,NONE,FORWARD+NONE,test
A_hand,A_hand/FORWARD_08_E3.mp4,DimQuiet,FORWARD,NONE,FORWARD+NONE,test
A_hand,A_hand/FORWARD_09_E1.mp4,BrightQuiet,FORWARD,NONE,FORWARD+NONE,test
A_hand,A_hand/FORWARD_09_E3.mp4,DimQuiet,FORWARD,NONE,FORWARD+NONE,val
A_hand,A_hand/FORWARD_10_E1.mp4,BrightQuiet,FORWARD,NONE,FORWARD+NONE,train
A_hand,A_hand/FORWARD_10_E3.mp4,DimQuiet,FORWARD,NONE,FORWARD+NONE,val
A_hand,A_hand/FORWARD_11_E1.mp4,BrightQuiet,FORWARD,NONE,FORWARD+NONE,test
A_hand,A_hand/FORWARD_11_E3.mp4,DimQuiet,FORWARD,NONE,FORWARD+NONE,train
A_hand,A_hand/FORWARD_12_E1.mp4,BrightQuiet,FORWARD,NONE,FORWARD+NONE,train
A_hand,A_hand/FORWARD_12_E3.mp4,DimQuiet,FORWARD,NONE,FORWARD+NONE,test
A_hand,A_hand/FORWARD_13_E1.mp4,BrightQuiet,FORWARD,NONE,FORWARD+NONE,train
A_hand,A_hand/FORWARD_13_E3.mp4,DimQuiet,FORWARD,NONE,FORWARD+NONE,train
A_hand,A_hand/FORWARD_14_E1.mp4,BrightQuiet,FORWARD,NONE,FORWARD+NONE,val
A_hand,A_hand/FORWARD_14_E3.mp4,DimQuiet,FORWARD,NONE,FORWARD+NONE,train
A_hand,A_hand/FORWARD_15_E1.mp4,BrightQuiet,FORWARD,NONE,FORWARD+NONE,train
A_hand,A_hand/FORWARD_15_E3.mp4,DimQuiet,FORWARD,NONE,FORWARD+NONE,train
A_hand,A_hand/LEFT_01_E1.mp4,BrightQuiet,LEFT,NONE,LEFT+NONE,test
A_hand,A_hand/LEFT_01_E3.mp4,DimQuiet,LEFT,NONE,LEFT+NONE,train
A_hand,A_hand/LEFT_02_E1.mp4,BrightQuiet,LEFT,NONE,LEFT+NONE,train
A_hand,A_hand/LEFT_02_E3.mp4,DimQuiet,LEFT,NONE,LEFT+NONE,train
A_hand,A_hand/LEFT_03_E1.mp4,BrightQuiet,LEFT,NONE,LEFT+NONE,train
A_hand,A_hand/LEFT_03_E3.mp4,DimQuiet,LEFT,NONE,LEFT+NONE,val
A_hand,A_hand/LEFT_04_E1.mp4,BrightQuiet,LEFT,NONE,LEFT+NONE,train
A_hand,A_hand/LEFT_04_E3.mp4,DimQuiet,LEFT,NONE,LEFT+NONE,train
A_hand,A_hand/LEFT_05_E1.mp4,BrightQuiet,LEFT,NONE,LEFT+NONE,val
A_hand,A_hand/LEFT_05_E3.mp4,DimQuiet,LEFT,NONE,LEFT+NONE,train
A_hand,A_hand/LEFT_06_E1.mp4,BrightQuiet,LEFT,NONE,LEFT+NONE,train
A_hand,A_hand/LEFT_06_E3.mp4,DimQuiet,LEFT,NONE,LEFT+NONE,train
A_hand,A_hand/LEFT_07_E1.mp4,BrightQuiet,LEFT,NONE,LEFT+NONE,train
A_hand,A_hand/LEFT_07_E3.mp4,DimQuiet,LEFT,NONE,LEFT+NONE,test
A_hand,A_hand/LEFT_08_E1.mp4,BrightQuiet,LEFT,NONE,LEFT+NONE,test
A_hand,A_hand/LEFT_08_E3.mp4,DimQuiet,LEFT,NONE,LEFT+NONE,test
A_hand,A_hand/LEFT_09_E1.mp4,BrightQuiet,LEFT,NONE,LEFT+NONE,val
A_hand,A_hand/LEFT_09_E3.mp4,DimQuiet,LEFT,NONE,LEFT+NONE,train
A_hand,A_hand/LEFT_10_E1.mp4,BrightQuiet,LEFT,NONE,LEFT+NONE,train
A_hand,A_hand/LEFT_10_E3.mp4,DimQuiet,LEFT,NONE,LEFT+NONE,train
A_hand,A_hand/LEFT_11_E1.mp4,BrightQuiet,LEFT,NONE,LEFT+NONE,train
A_hand,A_hand/LEFT_11_E3.mp4,DimQuiet,LEFT,NONE,LEFT+NONE,test
A_hand,A_hand/LEFT_12_E1.mp4,BrightQuiet,LEFT,NONE,LEFT+NONE,train
A_hand,A_hand/LEFT_12_E3.mp4,DimQuiet,LEFT,NONE,LEFT+NONE,train
A_hand,A_hand/LEFT_13_E1.mp4,BrightQuiet,LEFT,NONE,LEFT+NONE,test
A_hand,A_hand/LEFT_13_E3.mp4,DimQuiet,LEFT,NONE,LEFT+NONE,val
A_hand,A_hand/LEFT_14_E1.mp4,BrightQuiet,LEFT,NONE,LEFT+NONE,train
A_hand,A_hand/LEFT_14_E3.mp4,DimQuiet,LEFT,NONE,LEFT+NONE,val
A_hand,A_hand/LEFT_15_E1.mp4,BrightQuiet,LEFT,NONE,LEFT+NONE,train
A_hand,A_hand/LEFT_15_E3.mp4,DimQuiet,LEFT,NONE,LEFT+NONE,val
A_hand,A_hand/RIGHT_01_E1.mp4,BrightQuiet,RIGHT,NONE,RIGHT+NONE,test
A_hand,A_hand/RIGHT_01_E3.mp4,DimQuiet,RIGHT,NONE,RIGHT+NONE,train
A_hand,A_hand/RIGHT_02_E1.mp4,BrightQuiet,RIGHT,NONE,RIGHT+NONE,test
A_hand,A_hand/RIGHT_02_E3.mp4,DimQuiet,RIGHT,NONE,RIGHT+NONE,train
A_hand,A_hand/RIGHT_03_E1.mp4,BrightQuiet,RIGHT,NONE,RIGHT+NONE,train
A_hand,A_hand/RIGHT_03_E3.mp4,DimQuiet,RIGHT,NONE,RIGHT+NONE,train
A_hand,A_hand/RIGHT_04_E1.mp4,BrightQuiet,RIGHT,NONE,RIGHT+NONE,val
A_hand,A_hand/RIGHT_04_E3.mp4,DimQuiet,RIGHT,NONE,RIGHT+NONE,train
A_hand,A_hand/RIGHT_05_E1.mp4,BrightQuiet,RIGHT,NONE,RIGHT+NONE,train
A_hand,A_hand/RIGHT_05_E3.mp4,DimQuiet,RIGHT,NONE,RIGHT+NONE,val
A_hand,A_hand/RIGHT_06_E1.mp4,BrightQuiet,RIGHT,NONE,RIGHT+NONE,train
A_hand,A_hand/RIGHT_06_E3.mp4,DimQuiet,RIGHT,NONE,RIGHT+NONE,test
A_hand,A_hand/RIGHT_07_E1.mp4,BrightQuiet,RIGHT,NONE,RIGHT+NONE,train
A_hand,A_hand/RIGHT_07_E3.mp4,DimQuiet,RIGHT,NONE,RIGHT+NONE,test
A_hand,A_hand/RIGHT_08_E1.mp4,BrightQuiet,RIGHT,NONE,RIGHT+NONE,train
A_hand,A_hand/RIGHT_08_E3.mp4,DimQuiet,RIGHT,NONE,RIGHT+NONE,val
A_hand,A_hand/RIGHT_09_E1.mp4,BrightQuiet,RIGHT,NONE,RIGHT+NONE,val
A_hand,A_hand/RIGHT_09_E3.mp4,DimQuiet,RIGHT,NONE,RIGHT+NONE,train
A_hand,A_hand/RIGHT_10_E1.mp4,BrightQuiet,RIGHT,NONE,RIGHT+NONE,val
A_hand,A_hand/RIGHT_10_E3.mp4,DimQuiet,RIGHT,NONE,RIGHT+NONE,train
A_hand,A_hand/RIGHT_11_E1.mp4,BrightQuiet,RIGHT,NONE,RIGHT+NONE,train
A_hand,A_hand/RIGHT_11_E3.mp4,DimQuiet,RIGHT,NONE,RIGHT+NONE,train
A_hand,A_hand/RIGHT_12_E1.mp4,BrightQuiet,RIGHT,NONE,RIGHT+NONE,train
A_hand,A_hand/RIGHT_12_E3.mp4,DimQuiet,RIGHT,NONE,RIGHT+NONE,train
A_hand,A_hand/RIGHT_13_E1.mp4,BrightQuiet,RIGHT,NONE,RIGHT+NONE,train
A_hand,A_hand/RIGHT_13_E3.mp4,DimQuiet,RIGHT,NONE,RIGHT+NONE,train
A_hand,A_hand/RIGHT_14_E1.mp4,BrightQuiet,RIGHT,NONE,RIGHT+NONE,test
A_hand,A_hand/RIGHT_14_E3.mp4,DimQuiet,RIGHT,NONE,RIGHT+NONE,train
A_hand,A_hand/RIGHT_15_E1.mp4,BrightQuiet,RIGHT,NONE,RIGHT+NONE,test
A_hand,A_hand/RIGHT_15_E3.mp4,DimQuiet,RIGHT,NONE,RIGHT+NONE,val
A_hand,A_hand/STOP_01_E1.mp4,BrightQuiet,STOP,NONE,STOP+NONE,train
A_hand,A_hand/STOP_01_E3.mp4,DimQuiet,STOP,NONE,STOP+NONE,train
A_hand,A_hand/STOP_02_E1.mp4,BrightQuiet,STOP,NONE,STOP+NONE,train
A_hand,A_hand/STOP_02_E3.mp4,DimQuiet,STOP,NONE,STOP+NONE,val
A_hand,A_hand/STOP_03_E1.mp4,BrightQuiet,STOP,NONE,STOP+NONE,train
A_hand,A_hand/STOP_03_E3.mp4,DimQuiet,STOP,NONE,STOP+NONE,test
A_hand,A_hand/STOP_04_E1.mp4,BrightQuiet,STOP,NONE,STOP+NONE,val
A_hand,A_hand/STOP_04_E3.mp4,DimQuiet,STOP,NONE,STOP+NONE,train
A_hand,A_hand/STOP_05_E1.mp4,BrightQuiet,STOP,NONE,STOP+NONE,train
A_hand,A_hand/STOP_05_E3.mp4,DimQuiet,STOP,NONE,STOP+NONE,test
A_hand,A_hand/STOP_06_E1.mp4,BrightQuiet,STOP,NONE,STOP+NONE,val
A_hand,A_hand/STOP_06_E3.mp4,DimQuiet,STOP,NONE,STOP+NONE,train
A_hand,A_hand/STOP_07_E1.mp4,BrightQuiet,STOP,NONE,STOP+NONE,train
A_hand,A_hand/STOP_07_E3.mp4,DimQuiet,STOP,NONE,STOP+NONE,train
A_hand,A_hand/STOP_08_E1.mp4,BrightQuiet,STOP,NONE,STOP+NONE,val
A_hand,A_hand/STOP_08_E3.mp4,DimQuiet,STOP,NONE,STOP+NONE,train
A_hand,A_hand/STOP_09_E1.mp4,BrightQuiet,STOP,NONE,STOP+NONE,train
A_hand,A_hand/STOP_09_E3.mp4,DimQuiet,STOP,NONE,STOP+NONE,train
A_hand,A_hand/STOP_10_E1.mp4,BrightQuiet,STOP,NONE,STOP+NONE,train
A_hand,A_hand/STOP_10_E3.mp4,DimQuiet,STOP,NONE,STOP+NONE,test
A_hand,A_hand/STOP_11_E1.mp4,BrightQuiet,STOP,NONE,STOP+NONE,val
A_hand,A_hand/STOP_11_E3.mp4,DimQuiet,STOP,NONE,STOP+NONE,train
A_hand,A_hand/STOP_12_E1.mp4,BrightQuiet,STOP,NONE,STOP+NONE,test
A_hand,A_hand/STOP_12_E3.mp4,DimQuiet,STOP,NONE,STOP+NONE,train
A_hand,A_hand/STOP_13_E1.mp4,BrightQuiet,STOP,NONE,STOP+NONE,train
A_hand,A_hand/STOP_13_E3.mp4,DimQuiet,STOP,NONE,STOP+NONE,test
A_hand,A_hand/STOP_14_E1.mp4,BrightQuiet,STOP,NONE,STOP+NONE,test
A_hand,A_hand/STOP_14_E3.mp4,DimQuiet,STOP,NONE,STOP+NONE,val
A_hand,A_hand/STOP_15_E1.mp4,BrightQuiet,STOP,NONE,STOP+NONE,train
A_hand,A_hand/STOP_15_E3.mp4,DimQuiet,STOP,NONE,STOP+NONE,train
B_voice,B_voice/ATTACK_01_E1.mp4,BrightQuiet,NONE,ATTACK,NONE+ATTACK,train
B_voice,B_voice/ATTACK_01_E2.mp4,BrightFan,NONE,ATTACK,NONE+ATTACK,train
B_voice,B_voice/ATTACK_02_E1.mp4,BrightQuiet,NONE,ATTACK,NONE+ATTACK,train
B_voice,B_voice/ATTACK_02_E2.mp4,BrightFan,NONE,ATTACK,NONE+ATTACK,train
B_voice,B_voice/ATTACK_03_E1.mp4,BrightQuiet,NONE,ATTACK,NONE+ATTACK,train
B_voice,B_voice/ATTACK_03_E2.mp4,BrightFan,NONE,ATTACK,NONE+ATTACK,test
B_voice,B_voice/ATTACK_04_E1.mp4,BrightQuiet,NONE,ATTACK,NONE+ATTACK,train
B_voice,B_voice/ATTACK_04_E2.mp4,BrightFan,NONE,ATTACK,NONE+ATTACK,train
B_voice,B_voice/ATTACK_05_E1.mp4,BrightQuiet,NONE,ATTACK,NONE+ATTACK,train
B_voice,B_voice/ATTACK_05_E2.mp4,BrightFan,NONE,ATTACK,NONE+ATTACK,val
B_voice,B_voice/ATTACK_06_E1.mp4,BrightQuiet,NONE,ATTACK,NONE+ATTACK,train
B_voice,B_voice/ATTACK_06_E2.mp4,BrightFan,NONE,ATTACK,NONE+ATTACK,val
B_voice,B_voice/ATTACK_07_E1.mp4,BrightQuiet,NONE,ATTACK,NONE+ATTACK,test
B_voice,B_voice/ATTACK_07_E2.mp4,BrightFan,NONE,ATTACK,NONE+ATTACK,train
B_voice,B_voice/ATTACK_08_E1.mp4,BrightQuiet,NONE,ATTACK,NONE+ATTACK,test
B_voice,B_voice/ATTACK_08_E2.mp4,BrightFan,NONE,ATTACK,NONE+ATTACK,val
B_voice,B_voice/ATTACK_09_E1.mp4,BrightQuiet,NONE,ATTACK,NONE+ATTACK,val
B_voice,B_voice/ATTACK_09_E2.mp4,BrightFan,NONE,ATTACK,NONE+ATTACK,train
B_voice,B_voice/ATTACK_10_E1.mp4,BrightQuiet,NONE,ATTACK,NONE+ATTACK,train
B_voice,B_voice/ATTACK_10_E2.mp4,BrightFan,NONE,ATTACK,NONE+ATTACK,test
B_voice,B_voice/DEFEND_01_E1.mp4,BrightQuiet,NONE,DEFEND,NONE+DEFEND,train
B_voice,B_voice/DEFEND_01_E2.mp4,BrightFan,NONE,DEFEND,NONE+DEFEND,train
B_voice,B_voice/DEFEND_02_E1.mp4,BrightQuiet,NONE,DEFEND,NONE+DEFEND,test
B_voice,B_voice/DEFEND_02_E2.mp4,BrightFan,NONE,DEFEND,NONE+DEFEND,train
B_voice,B_voice/DEFEND_03_E1.mp4,BrightQuiet,NONE,DEFEND,NONE+DEFEND,train
B_voice,B_voice/DEFEND_03_E2.mp4,BrightFan,NONE,DEFEND,NONE+DEFEND,train
B_voice,B_voice/DEFEND_04_E1.mp4,BrightQuiet,NONE,DEFEND,NONE+DEFEND,test
B_voice,B_voice/DEFEND_04_E2.mp4,BrightFan,NONE,DEFEND,NONE+DEFEND,train
B_voice,B_voice/DEFEND_05_E1.mp4,BrightQuiet,NONE,DEFEND,NONE+DEFEND,val
B_voice,B_voice/DEFEND_05_E2.mp4,BrightFan,NONE,DEFEND,NONE+DEFEND,val
B_voice,B_voice/DEFEND_06_E1.mp4,BrightQuiet,NONE,DEFEND,NONE+DEFEND,train
B_voice,B_voice/DEFEND_06_E2.mp4,BrightFan,NONE,DEFEND,NONE+DEFEND,val
B_voice,B_voice/DEFEND_07_E1.mp4,BrightQuiet,NONE,DEFEND,NONE+DEFEND,test
B_voice,B_voice/DEFEND_07_E2.mp4,BrightFan,NONE,DEFEND,NONE+DEFEND,train
B_voice,B_voice/DEFEND_08_E1.mp4,BrightQuiet,NONE,DEFEND,NONE+DEFEND,test
B_voice,B_voice/DEFEND_08_E2.mp4,BrightFan,NONE,DEFEND,NONE+DEFEND,val
B_voice,B_voice/DEFEND_09_E1.mp4,BrightQuiet,NONE,DEFEND,NONE+DEFEND,train
B_voice,B_voice/DEFEND_09_E2.mp4,BrightFan,NONE,DEFEND,NONE+DEFEND,train
B_voice,B_voice/DEFEND_10_E1.mp4,BrightQuiet,NONE,DEFEND,NONE+DEFEND,train
B_voice,B_voice/DEFEND_10_E2.mp4,BrightFan,NONE,DEFEND,NONE+DEFEND,train
C_fusion,C_fusion/BACKWARD_ATTACK_01_E1.mp4,BrightQuiet,BACKWARD,ATTACK,BACKWARD+ATTACK,train
C_fusion,C_fusion/BACKWARD_ATTACK_01_E2.mp4,BrightFan,BACKWARD,ATTACK,BACKWARD+ATTACK,val
C_fusion,C_fusion/BACKWARD_ATTACK_01_E3.mp4,DimQuiet,BACKWARD,ATTACK,BACKWARD+ATTACK,train
C_fusion,C_fusion/BACKWARD_ATTACK_01_E4.mp4,DimFan,BACKWARD,ATTACK,BACKWARD+ATTACK,train
C_fusion,C_fusion/BACKWARD_ATTACK_02_E1.mp4,BrightQuiet,BACKWARD,ATTACK,BACKWARD+ATTACK,test
C_fusion,C_fusion/BACKWARD_ATTACK_02_E2.mp4,BrightFan,BACKWARD,ATTACK,BACKWARD+ATTACK,test
C_fusion,C_fusion/BACKWARD_ATTACK_02_E3.mp4,DimQuiet,BACKWARD,ATTACK,BACKWARD+ATTACK,test
C_fusion,C_fusion/BACKWARD_ATTACK_02_E4.mp4,DimFan,BACKWARD,ATTACK,BACKWARD+ATTACK,train
C_fusion,C_fusion/BACKWARD_ATTACK_03_E1.mp4,BrightQuiet,BACKWARD,ATTACK,BACKWARD+ATTACK,train
C_fusion,C_fusion/BACKWARD_ATTACK_03_E2.mp4,BrightFan,BACKWARD,ATTACK,BACKWARD+ATTACK,train
C_fusion,C_fusion/BACKWARD_ATTACK_03_E3.mp4,DimQuiet,BACKWARD,ATTACK,BACKWARD+ATTACK,train
C_fusion,C_fusion/BACKWARD_ATTACK_03_E4.mp4,DimFan,BACKWARD,ATTACK,BACKWARD+ATTACK,train
C_fusion,C_fusion/BACKWARD_ATTACK_04_E1.mp4,BrightQuiet,BACKWARD,ATTACK,BACKWARD+ATTACK,train
C_fusion,C_fusion/BACKWARD_ATTACK_04_E2.mp4,BrightFan,BACKWARD,ATTACK,BACKWARD+ATTACK,train
C_fusion,C_fusion/BACKWARD_ATTACK_04_E3.mp4,DimQuiet,BACKWARD,ATTACK,BACKWARD+ATTACK,train
C_fusion,C_fusion/BACKWARD_ATTACK_04_E4.mp4,DimFan,BACKWARD,ATTACK,BACKWARD+ATTACK,test
C_fusion,C_fusion/BACKWARD_ATTACK_05_E1.mp4,BrightQuiet,BACKWARD,ATTACK,BACKWARD+ATTACK,train
C_fusion,C_fusion/BACKWARD_ATTACK_05_E2.mp4,BrightFan,BACKWARD,ATTACK,BACKWARD+ATTACK,val
C_fusion,C_fusion/BACKWARD_ATTACK_05_E3.mp4,DimQuiet,BACKWARD,ATTACK,BACKWARD+ATTACK,test
C_fusion,C_fusion/BACKWARD_ATTACK_05_E4.mp4,DimFan,BACKWARD,ATTACK,BACKWARD+ATTACK,val
C_fusion,C_fusion/BACKWARD_ATTACK_06_E1.mp4,BrightQuiet,BACKWARD,ATTACK,BACKWARD+ATTACK,train
C_fusion,C_fusion/BACKWARD_ATTACK_06_E2.mp4,BrightFan,BACKWARD,ATTACK,BACKWARD+ATTACK,train
C_fusion,C_fusion/BACKWARD_ATTACK_06_E3.mp4,DimQuiet,BACKWARD,ATTACK,BACKWARD+ATTACK,train
C_fusion,C_fusion/BACKWARD_ATTACK_06_E4.mp4,DimFan,BACKWARD,ATTACK,BACKWARD+ATTACK,val
C_fusion,C_fusion/BACKWARD_ATTACK_07_E1.mp4,BrightQuiet,BACKWARD,ATTACK,BACKWARD+ATTACK,train
C_fusion,C_fusion/BACKWARD_ATTACK_07_E2.mp4,BrightFan,BACKWARD,ATTACK,BACKWARD+ATTACK,test
C_fusion,C_fusion/BACKWARD_ATTACK_07_E3.mp4,DimQuiet,BACKWARD,ATTACK,BACKWARD+ATTACK,train
C_fusion,C_fusion/BACKWARD_ATTACK_07_E4.mp4,DimFan,BACKWARD,ATTACK,BACKWARD+ATTACK,train
C_fusion,C_fusion/BACKWARD_ATTACK_08_E1.mp4,BrightQuiet,BACKWARD,ATTACK,BACKWARD+ATTACK,val
C_fusion,C_fusion/BACKWARD_ATTACK_08_E2.mp4,BrightFan,BACKWARD,ATTACK,BACKWARD+ATTACK,val
C_fusion,C_fusion/BACKWARD_ATTACK_08_E3.mp4,DimQuiet,BACKWARD,ATTACK,BACKWARD+ATTACK,train
C_fusion,C_fusion/BACKWARD_ATTACK_08_E4.mp4,DimFan,BACKWARD,ATTACK,BACKWARD+ATTACK,train
C_fusion,C_fusion/BACKWARD_ATTACK_09_E1.mp4,BrightQuiet,BACKWARD,ATTACK,BACKWARD+ATTACK,val
C_fusion,C_fusion/BACKWARD_ATTACK_09_E2.mp4,BrightFan,BACKWARD,ATTACK,BACKWARD+ATTACK,train
C_fusion,C_fusion/BACKWARD_ATTACK_09_E3.mp4,DimQuiet,BACKWARD,ATTACK,BACKWARD+ATTACK,val
C_fusion,C_fusion/BACKWARD_ATTACK_09_E4.mp4,DimFan,BACKWARD,ATTACK,BACKWARD+ATTACK,train
C_fusion,C_fusion/BACKWARD_ATTACK_10_E1.mp4,BrightQuiet,BACKWARD,ATTACK,BACKWARD+ATTACK,train
C_fusion,C_fusion/BACKWARD_ATTACK_10_E2.mp4,BrightFan,BACKWARD,ATTACK,BACKWARD+ATTACK,train
C_fusion,C_fusion/BACKWARD_ATTACK_10_E3.mp4,DimQuiet,BACKWARD,ATTACK,BACKWARD+ATTACK,test
C_fusion,C_fusion/BACKWARD_ATTACK_10_E4.mp4,DimFan,BACKWARD,ATTACK,BACKWARD+ATTACK,test
C_fusion,C_fusion/BACKWARD_DEFEND_01_E1.mp4,BrightQuiet,BACKWARD,DEFEND,BACKWARD+DEFEND,test
C_fusion,C_fusion/BACKWARD_DEFEND_01_E2.mp4,BrightFan,BACKWARD,DEFEND,BACKWARD+DEFEND,train
C_fusion,C_fusion/BACKWARD_DEFEND_01_E3.mp4,DimQuiet,BACKWARD,DEFEND,BACKWARD+DEFEND,val
C_fusion,C_fusion/BACKWARD_DEFEND_01_E4.mp4,DimFan,BACKWARD,DEFEND,BACKWARD+DEFEND,train
C_fusion,C_fusion/BACKWARD_DEFEND_02_E1.mp4,BrightQuiet,BACKWARD,DEFEND,BACKWARD+DEFEND,test
C_fusion,C_fusion/BACKWARD_DEFEND_02_E2.mp4,BrightFan,BACKWARD,DEFEND,BACKWARD+DEFEND,test
C_fusion,C_fusion/BACKWARD_DEFEND_02_E3.mp4,DimQuiet,BACKWARD,DEFEND,BACKWARD+DEFEND,val
C_fusion,C_fusion/BACKWARD_DEFEND_02_E4.mp4,DimFan,BACKWARD,DEFEND,BACKWARD+DEFEND,val
C_fusion,C_fusion/BACKWARD_DEFEND_03_E1.mp4,BrightQuiet,BACKWARD,DEFEND,BACKWARD+DEFEND,train
C_fusion,C_fusion/BACKWARD_DEFEND_03_E2.mp4,BrightFan,BACKWARD,DEFEND,BACKWARD+DEFEND,test
C_fusion,C_fusion/BACKWARD_DEFEND_03_E3.mp4,DimQuiet,BACKWARD,DEFEND,BACKWARD+DEFEND,train
C_fusion,C_fusion/BACKWARD_DEFEND_03_E4.mp4,DimFan,BACKWARD,DEFEND,BACKWARD+DEFEND,train
C_fusion,C_fusion/BACKWARD_DEFEND_04_E1.mp4,BrightQuiet,BACKWARD,DEFEND,BACKWARD+DEFEND,train
C_fusion,C_fusion/BACKWARD_DEFEND_04_E2.mp4,BrightFan,BACKWARD,DEFEND,BACKWARD+DEFEND,train
C_fusion,C_fusion/BACKWARD_DEFEND_04_E3.mp4,DimQuiet,BACKWARD,DEFEND,BACKWARD+DEFEND,train
C_fusion,C_fusion/BACKWARD_DEFEND_04_E4.mp4,DimFan,BACKWARD,DEFEND,BACKWARD+DEFEND,train
C_fusion,C_fusion/BACKWARD_DEFEND_05_E1.mp4,BrightQuiet,BACKWARD,DEFEND,BACKWARD+DEFEND,test
C_fusion,C_fusion/BACKWARD_DEFEND_05_E2.mp4,BrightFan,BACKWARD,DEFEND,BACKWARD+DEFEND,test
C_fusion,C_fusion/BACKWARD_DEFEND_05_E3.mp4,DimQuiet,BACKWARD,DEFEND,BACKWARD+DEFEND,test
C_fusion,C_fusion/BACKWARD_DEFEND_05_E4.mp4,DimFan,BACKWARD,DEFEND,BACKWARD+DEFEND,val
C_fusion,C_fusion/BACKWARD_DEFEND_06_E1.mp4,BrightQuiet,BACKWARD,DEFEND,BACKWARD+DEFEND,train
C_fusion,C_fusion/BACKWARD_DEFEND_06_E2.mp4,BrightFan,BACKWARD,DEFEND,BACKWARD+DEFEND,train
C_fusion,C_fusion/BACKWARD_DEFEND_06_E3.mp4,DimQuiet,BACKWARD,DEFEND,BACKWARD+DEFEND,train
C_fusion,C_fusion/BACKWARD_DEFEND_06_E4.mp4,DimFan,BACKWARD,DEFEND,BACKWARD+DEFEND,val
C_fusion,C_fusion/BACKWARD_DEFEND_07_E1.mp4,BrightQuiet,BACKWARD,DEFEND,BACKWARD+DEFEND,val
C_fusion,C_fusion/BACKWARD_DEFEND_07_E2.mp4,BrightFan,BACKWARD,DEFEND,BACKWARD+DEFEND,train
C_fusion,C_fusion/BACKWARD_DEFEND_07_E3.mp4,DimQuiet,BACKWARD,DEFEND,BACKWARD+DEFEND,train
C_fusion,C_fusion/BACKWARD_DEFEND_07_E4.mp4,DimFan,BACKWARD,DEFEND,BACKWARD+DEFEND,train
C_fusion,C_fusion/BACKWARD_DEFEND_08_E1.mp4,BrightQuiet,BACKWARD,DEFEND,BACKWARD+DEFEND,train
C_fusion,C_fusion/BACKWARD_DEFEND_08_E2.mp4,BrightFan,BACKWARD,DEFEND,BACKWARD+DEFEND,train
C_fusion,C_fusion/BACKWARD_DEFEND_08_E3.mp4,DimQuiet,BACKWARD,DEFEND,BACKWARD+DEFEND,train
C_fusion,C_fusion/BACKWARD_DEFEND_08_E4.mp4,DimFan,BACKWARD,DEFEND,BACKWARD+DEFEND,train
C_fusion,C_fusion/BACKWARD_DEFEND_09_E1.mp4,BrightQuiet,BACKWARD,DEFEND,BACKWARD+DEFEND,test
C_fusion,C_fusion/BACKWARD_DEFEND_09_E2.mp4,BrightFan,BACKWARD,DEFEND,BACKWARD+DEFEND,train
C_fusion,C_fusion/BACKWARD_DEFEND_09_E3.mp4,DimQuiet,BACKWARD,DEFEND,BACKWARD+DEFEND,train
C_fusion,C_fusion/BACKWARD_DEFEND_09_E4.mp4,DimFan,BACKWARD,DEFEND,BACKWARD+DEFEND,train
C_fusion,C_fusion/BACKWARD_DEFEND_10_E1.mp4,BrightQuiet,BACKWARD,DEFEND,BACKWARD+DEFEND,train
C_fusion,C_fusion/BACKWARD_DEFEND_10_E2.mp4,BrightFan,BACKWARD,DEFEND,BACKWARD+DEFEND,val
C_fusion,C_fusion/BACKWARD_DEFEND_10_E3.mp4,DimQuiet,BACKWARD,DEFEND,BACKWARD+DEFEND,val
C_fusion,C_fusion/BACKWARD_DEFEND_10_E4.mp4,DimFan,BACKWARD,DEFEND,BACKWARD+DEFEND,train
C_fusion,C_fusion/FORWARD_ATTACK_01_E1.mp4,BrightQuiet,FORWARD,ATTACK,FORWARD+ATTACK,train
C_fusion,C_fusion/FORWARD_ATTACK_01_E2.mp4,BrightFan,FORWARD,ATTACK,FORWARD+ATTACK,train
C_fusion,C_fusion/FORWARD_ATTACK_01_E3.mp4,DimQuiet,FORWARD,ATTACK,FORWARD+ATTACK,test
C_fusion,C_fusion/FORWARD_ATTACK_01_E4.mp4,DimFan,FORWARD,ATTACK,FORWARD+ATTACK,train
C_fusion,C_fusion/FORWARD_ATTACK_02_E1.mp4,BrightQuiet,FORWARD,ATTACK,FORWARD+ATTACK,train
C_fusion,C_fusion/FORWARD_ATTACK_02_E2.mp4,BrightFan,FORWARD,ATTACK,FORWARD+ATTACK,train
C_fusion,C_fusion/FORWARD_ATTACK_02_E3.mp4,DimQuiet,FORWARD,ATTACK,FORWARD+ATTACK,train
C_fusion,C_fusion/FORWARD_ATTACK_02_E4.mp4,DimFan,FORWARD,ATTACK,FORWARD+ATTACK,test
C_fusion,C_fusion/FORWARD_ATTACK_03_E1.mp4,BrightQuiet,FORWARD,ATTACK,FORWARD+ATTACK,train
C_fusion,C_fusion/FORWARD_ATTACK_03_E2.mp4,BrightFan,FORWARD,ATTACK,FORWARD+ATTACK,train
C_fusion,C_fusion/FORWARD_ATTACK_03_E3.mp4,DimQuiet,FORWARD,ATTACK,FORWARD+ATTACK,train
C_fusion,C_fusion/FORWARD_ATTACK_03_E4.mp4,DimFan,FORWARD,ATTACK,FORWARD+ATTACK,test
C_fusion,C_fusion/FORWARD_ATTACK_04_E1.mp4,BrightQuiet,FORWARD,ATTACK,FORWARD+ATTACK,train
C_fusion,C_fusion/FORWARD_ATTACK_04_E2.mp4,BrightFan,FORWARD,ATTACK,FORWARD+ATTACK,train
C_fusion,C_fusion/FORWARD_ATTACK_04_E3.mp4,DimQuiet,FORWARD,ATTACK,FORWARD+ATTACK,train
C_fusion,C_fusion/FORWARD_ATTACK_04_E4.mp4,DimFan,FORWARD,ATTACK,FORWARD+ATTACK,train
C_fusion,C_fusion/FORWARD_ATTACK_05_E1.mp4,BrightQuiet,FORWARD,ATTACK,FORWARD+ATTACK,val
C_fusion,C_fusion/FORWARD_ATTACK_05_E2.mp4,BrightFan,FORWARD,ATTACK,FORWARD+ATTACK,train
C_fusion,C_fusion/FORWARD_ATTACK_05_E3.mp4,DimQuiet,FORWARD,ATTACK,FORWARD+ATTACK,test
C_fusion,C_fusion/FORWARD_ATTACK_05_E4.mp4,DimFan,FORWARD,ATTACK,FORWARD+ATTACK,test
C_fusion,C_fusion/FORWARD_ATTACK_06_E1.mp4,BrightQuiet,FORWARD,ATTACK,FORWARD+ATTACK,val
C_fusion,C_fusion/FORWARD_ATTACK_06_E2.mp4,BrightFan,FORWARD,ATTACK,FORWARD+ATTACK,test
C_fusion,C_fusion/FORWARD_ATTACK_06_E3.mp4,DimQuiet,FORWARD,ATTACK,FORWARD+ATTACK,val
C_fusion,C_fusion/FORWARD_ATTACK_06_E4.mp4,DimFan,FORWARD,ATTACK,FORWARD+ATTACK,val
C_fusion,C_fusion/FORWARD_ATTACK_07_E1.mp4,BrightQuiet,FORWARD,ATTACK,FORWARD+ATTACK,val
C_fusion,C_fusion/FORWARD_ATTACK_07_E2.mp4,BrightFan,FORWARD,ATTACK,FORWARD+ATTACK,train
C_fusion,C_fusion/FORWARD_ATTACK_07_E3.mp4,DimQuiet,FORWARD,ATTACK,FORWARD+ATTACK,train
C_fusion,C_fusion/FORWARD_ATTACK_07_E4.mp4,DimFan,FORWARD,ATTACK,FORWARD+ATTACK,train
C_fusion,C_fusion/FORWARD_ATTACK_08_E1.mp4,BrightQuiet,FORWARD,ATTACK,FORWARD+ATTACK,train
C_fusion,C_fusion/FORWARD_ATTACK_08_E2.mp4,BrightFan,FORWARD,ATTACK,FORWARD+ATTACK,test
C_fusion,C_fusion/FORWARD_ATTACK_08_E3.mp4,DimQuiet,FORWARD,ATTACK,FORWARD+ATTACK,train
C_fusion,C_fusion/FORWARD_ATTACK_08_E4.mp4,DimFan,FORWARD,ATTACK,FORWARD+ATTACK,train
C_fusion,C_fusion/FORWARD_ATTACK_09_E1.mp4,BrightQuiet,FORWARD,ATTACK,FORWARD+ATTACK,val
C_fusion,C_fusion/FORWARD_ATTACK_09_E2.mp4,BrightFan,FORWARD,ATTACK,FORWARD+ATTACK,val
C_fusion,C_fusion/FORWARD_ATTACK_09_E3.mp4,DimQuiet,FORWARD,ATTACK,FORWARD+ATTACK,train
C_fusion,C_fusion/FORWARD_ATTACK_09_E4.mp4,DimFan,FORWARD,ATTACK,FORWARD+ATTACK,train
C_fusion,C_fusion/FORWARD_ATTACK_10_E1.mp4,BrightQuiet,FORWARD,ATTACK,FORWARD+ATTACK,train
C_fusion,C_fusion/FORWARD_ATTACK_10_E2.mp4,BrightFan,FORWARD,ATTACK,FORWARD+ATTACK,train
C_fusion,C_fusion/FORWARD_ATTACK_10_E3.mp4,DimQuiet,FORWARD,ATTACK,FORWARD+ATTACK,test
C_fusion,C_fusion/FORWARD_ATTACK_10_E4.mp4,DimFan,FORWARD,ATTACK,FORWARD+ATTACK,val
C_fusion,C_fusion/FORWARD_DEFEND_01_E1.mp4,BrightQuiet,FORWARD,DEFEND,FORWARD+DEFEND,val
C_fusion,C_fusion/FORWARD_DEFEND_01_E2.mp4,BrightFan,FORWARD,DEFEND,FORWARD+DEFEND,val
C_fusion,C_fusion/FORWARD_DEFEND_01_E3.mp4,DimQuiet,FORWARD,DEFEND,FORWARD+DEFEND,train
C_fusion,C_fusion/FORWARD_DEFEND_01_E4.mp4,DimFan,FORWARD,DEFEND,FORWARD+DEFEND,test
C_fusion,C_fusion/FORWARD_DEFEND_02_E1.mp4,BrightQuiet,FORWARD,DEFEND,FORWARD+DEFEND,train
C_fusion,C_fusion/FORWARD_DEFEND_02_E2.mp4,BrightFan,FORWARD,DEFEND,FORWARD+DEFEND,train
C_fusion,C_fusion/FORWARD_DEFEND_02_E3.mp4,DimQuiet,FORWARD,DEFEND,FORWARD+DEFEND,train
C_fusion,C_fusion/FORWARD_DEFEND_02_E4.mp4,DimFan,FORWARD,DEFEND,FORWARD+DEFEND,train
C_fusion,C_fusion/FORWARD_DEFEND_03_E1.mp4,BrightQuiet,FORWARD,DEFEND,FORWARD+DEFEND,train
C_fusion,C_fusion/FORWARD_DEFEND_03_E2.mp4,BrightFan,FORWARD,DEFEND,FORWARD+DEFEND,train
C_fusion,C_fusion/FORWARD_DEFEND_03_E3.mp4,DimQuiet,FORWARD,DEFEND,FORWARD+DEFEND,train
C_fusion,C_fusion/FORWARD_DEFEND_03_E4.mp4,DimFan,FORWARD,DEFEND,FORWARD+DEFEND,train
C_fusion,C_fusion/FORWARD_DEFEND_04_E1.mp4,BrightQuiet,FORWARD,DEFEND,FORWARD+DEFEND,train
C_fusion,C_fusion/FORWARD_DEFEND_04_E2.mp4,BrightFan,FORWARD,DEFEND,FORWARD+DEFEND,train
C_fusion,C_fusion/FORWARD_DEFEND_04_E3.mp4,DimQuiet,FORWARD,DEFEND,FORWARD+DEFEND,val
C_fusion,C_fusion/FORWARD_DEFEND_04_E4.mp4,DimFan,FORWARD,DEFEND,FORWARD+DEFEND,train
C_fusion,C_fusion/FORWARD_DEFEND_05_E1.mp4,BrightQuiet,FORWARD,DEFEND,FORWARD+DEFEND,train
C_fusion,C_fusion/FORWARD_DEFEND_05_E2.mp4,BrightFan,FORWARD,DEFEND,FORWARD+DEFEND,test
C_fusion,C_fusion/FORWARD_DEFEND_05_E3.mp4,DimQuiet,FORWARD,DEFEND,FORWARD+DEFEND,train
C_fusion,C_fusion/FORWARD_DEFEND_05_E4.mp4,DimFan,FORWARD,DEFEND,FORWARD+DEFEND,test
C_fusion,C_fusion/FORWARD_DEFEND_06_E1.mp4,BrightQuiet,FORWARD,DEFEND,FORWARD+DEFEND,val
C_fusion,C_fusion/FORWARD_DEFEND_06_E2.mp4,BrightFan,FORWARD,DEFEND,FORWARD+DEFEND,train
C_fusion,C_fusion/FORWARD_DEFEND_06_E3.mp4,DimQuiet,FORWARD,DEFEND,FORWARD+DEFEND,test
C_fusion,C_fusion/FORWARD_DEFEND_06_E4.mp4,DimFan,FORWARD,DEFEND,FORWARD+DEFEND,test
C_fusion,C_fusion/FORWARD_DEFEND_07_E1.mp4,BrightQuiet,FORWARD,DEFEND,FORWARD+DEFEND,train
C_fusion,C_fusion/FORWARD_DEFEND_07_E2.mp4,BrightFan,FORWARD,DEFEND,FORWARD+DEFEND,train
C_fusion,C_fusion/FORWARD_DEFEND_07_E3.mp4,DimQuiet,FORWARD,DEFEND,FORWARD+DEFEND,val
C_fusion,C_fusion/FORWARD_DEFEND_07_E4.mp4,DimFan,FORWARD,DEFEND,FORWARD+DEFEND,val
C_fusion,C_fusion/FORWARD_DEFEND_08_E1.mp4,BrightQuiet,FORWARD,DEFEND,FORWARD+DEFEND,train
C_fusion,C_fusion/FORWARD_DEFEND_08_E2.mp4,BrightFan,FORWARD,DEFEND,FORWARD+DEFEND,train
C_fusion,C_fusion/FORWARD_DEFEND_08_E3.mp4,DimQuiet,FORWARD,DEFEND,FORWARD+DEFEND,val
C_fusion,C_fusion/FORWARD_DEFEND_08_E4.mp4,DimFan,FORWARD,DEFEND,FORWARD+DEFEND,val
C_fusion,C_fusion/FORWARD_DEFEND_09_E1.mp4,BrightQuiet,FORWARD,DEFEND,FORWARD+DEFEND,test
C_fusion,C_fusion/FORWARD_DEFEND_09_E2.mp4,BrightFan,FORWARD,DEFEND,FORWARD+DEFEND,test
C_fusion,C_fusion/FORWARD_DEFEND_09_E3.mp4,DimQuiet,FORWARD,DEFEND,FORWARD+DEFEND,train
C_fusion,C_fusion/FORWARD_DEFEND_09_E4.mp4,DimFan,FORWARD,DEFEND,FORWARD+DEFEND,train
C_fusion,C_fusion/FORWARD_DEFEND_10_E1.mp4,BrightQuiet,FORWARD,DEFEND,FORWARD+DEFEND,train
C_fusion,C_fusion/FORWARD_DEFEND_10_E2.mp4,BrightFan,FORWARD,DEFEND,FORWARD+DEFEND,train
C_fusion,C_fusion/FORWARD_DEFEND_10_E3.mp4,DimQuiet,FORWARD,DEFEND,FORWARD+DEFEND,train
C_fusion,C_fusion/FORWARD_DEFEND_10_E4.mp4,DimFan,FORWARD,DEFEND,FORWARD+DEFEND,test
C_fusion,C_fusion/LEFT_ATTACK_01_E1.mp4,BrightQuiet,LEFT,ATTACK,LEFT+ATTACK,train
C_fusion,C_fusion/LEFT_ATTACK_01_E2.mp4,BrightFan,LEFT,ATTACK,LEFT+ATTACK,val
C_fusion,C_fusion/LEFT_ATTACK_01_E3.mp4,DimQuiet,LEFT,ATTACK,LEFT+ATTACK,test
C_fusion,C_fusion/LEFT_ATTACK_01_E4.mp4,DimFan,LEFT,ATTACK,LEFT+ATTACK,train
C_fusion,C_fusion/LEFT_ATTACK_02_E1.mp4,BrightQuiet,LEFT,ATTACK,LEFT+ATTACK,train
C_fusion,C_fusion/LEFT_ATTACK_02_E2.mp4,BrightFan,LEFT,ATTACK,LEFT+ATTACK,test
C_fusion,C_fusion/LEFT_ATTACK_02_E3.mp4,DimQuiet,LEFT,ATTACK,LEFT+ATTACK,train
C_fusion,C_fusion/LEFT_ATTACK_02_E4.mp4,DimFan,LEFT,ATTACK,LEFT+ATTACK,val
C_fusion,C_fusion/LEFT_ATTACK_03_E1.mp4,BrightQuiet,LEFT,ATTACK,LEFT+ATTACK,train
C_fusion,C_fusion/LEFT_ATTACK_03_E2.mp4,BrightFan,LEFT,ATTACK,LEFT+ATTACK,train
C_fusion,C_fusion/LEFT_ATTACK_03_E3.mp4,DimQuiet,LEFT,ATTACK,LEFT+ATTACK,train
C_fusion,C_fusion/LEFT_ATTACK_03_E4.mp4,DimFan,LEFT,ATTACK,LEFT+ATTACK,test
C_fusion,C_fusion/LEFT_ATTACK_04_E1.mp4,BrightQuiet,LEFT,ATTACK,LEFT+ATTACK,val
C_fusion,C_fusion/LEFT_ATTACK_04_E2.mp4,BrightFan,LEFT,ATTACK,LEFT+ATTACK,test
C_fusion,C_fusion/LEFT_ATTACK_04_E3.mp4,DimQuiet,LEFT,ATTACK,LEFT+ATTACK,test
C_fusion,C_fusion/LEFT_ATTACK_04_E4.mp4,DimFan,LEFT,ATTACK,LEFT+ATTACK,train
C_fusion,C_fusion/LEFT_ATTACK_05_E1.mp4,BrightQuiet,LEFT,ATTACK,LEFT+ATTACK,val
C_fusion,C_fusion/LEFT_ATTACK_05_E2.mp4,BrightFan,LEFT,ATTACK,LEFT+ATTACK,train
C_fusion,C_fusion/LEFT_ATTACK_05_E3.mp4,DimQuiet,LEFT,ATTACK,LEFT+ATTACK,train
C_fusion,C_fusion/LEFT_ATTACK_05_E4.mp4,DimFan,LEFT,ATTACK,LEFT+ATTACK,train
C_fusion,C_fusion/LEFT_ATTACK_06_E1.mp4,BrightQuiet,LEFT,ATTACK,LEFT+ATTACK,val
C_fusion,C_fusion/LEFT_ATTACK_06_E2.mp4,BrightFan,LEFT,ATTACK,LEFT+ATTACK,train
C_fusion,C_fusion/LEFT_ATTACK_06_E3.mp4,DimQuiet,LEFT,ATTACK,LEFT+ATTACK,test
C_fusion,C_fusion/LEFT_ATTACK_06_E4.mp4,DimFan,LEFT,ATTACK,LEFT+ATTACK,train
C_fusion,C_fusion/LEFT_ATTACK_07_E1.mp4,BrightQuiet,LEFT,ATTACK,LEFT+ATTACK,test
C_fusion,C_fusion/LEFT_ATTACK_07_E2.mp4,BrightFan,LEFT,ATTACK,LEFT+ATTACK,train
C_fusion,C_fusion/LEFT_ATTACK_07_E3.mp4,DimQuiet,LEFT,ATTACK,LEFT+ATTACK,train
C_fusion,C_fusion/LEFT_ATTACK_07_E4.mp4,DimFan,LEFT,ATTACK,LEFT+ATTACK,train
C_fusion,C_fusion/LEFT_ATTACK_08_E1.mp4,BrightQuiet,LEFT,ATTACK,LEFT+ATTACK,train
C_fusion,C_fusion/LEFT_ATTACK_08_E2.mp4,BrightFan,LEFT,ATTACK,LEFT+ATTACK,train
C_fusion,C_fusion/LEFT_ATTACK_08_E3.mp4,DimQuiet,LEFT,ATTACK,LEFT+ATTACK,val
C_fusion,C_fusion/LEFT_ATTACK_08_E4.mp4,DimFan,LEFT,ATTACK,LEFT+ATTACK,test
C_fusion,C_fusion/LEFT_ATTACK_09_E1.mp4,BrightQuiet,LEFT,ATTACK,LEFT+ATTACK,val
C_fusion,C_fusion/LEFT_ATTACK_09_E2.mp4,BrightFan,LEFT,ATTACK,LEFT+ATTACK,train
C_fusion,C_fusion/LEFT_ATTACK_09_E3.mp4,DimQuiet,LEFT,ATTACK,LEFT+ATTACK,train
C_fusion,C_fusion/LEFT_ATTACK_09_E4.mp4,DimFan,LEFT,ATTACK,LEFT+ATTACK,train
C_fusion,C_fusion/LEFT_ATTACK_10_E1.mp4,BrightQuiet,LEFT,ATTACK,LEFT+ATTACK,train
C_fusion,C_fusion/LEFT_ATTACK_10_E2.mp4,BrightFan,LEFT,ATTACK,LEFT+ATTACK,train
C_fusion,C_fusion/LEFT_ATTACK_10_E3.mp4,DimQuiet,LEFT,ATTACK,LEFT+ATTACK,val
C_fusion,C_fusion/LEFT_ATTACK_10_E4.mp4,DimFan,LEFT,ATTACK,LEFT+ATTACK,train
C_fusion,C_fusion/LEFT_DEFEND_01_E1.mp4,BrightQuiet,LEFT,DEFEND,LEFT+DEFEND,train
C_fusion,C_fusion/LEFT_DEFEND_01_E2.mp4,BrightFan,LEFT,DEFEND,LEFT+DEFEND,train
C_fusion,C_fusion/LEFT_DEFEND_01_E3.mp4,DimQuiet,LEFT,DEFEND,LEFT+DEFEND,train
C_fusion,C_fusion/LEFT_DEFEND_01_E4.mp4,DimFan,LEFT,DEFEND,LEFT+DEFEND,train
C_fusion,C_fusion/LEFT_DEFEND_02_E1.mp4,BrightQuiet,LEFT,DEFEND,LEFT+DEFEND,train
C_fusion,C_fusion/LEFT_DEFEND_02_E2.mp4,BrightFan,LEFT,DEFEND,LEFT+DEFEND,test
C_fusion,C_fusion/LEFT_DEFEND_02_E3.mp4,DimQuiet,LEFT,DEFEND,LEFT+DEFEND,train
C_fusion,C_fusion/LEFT_DEFEND_02_E4.mp4,DimFan,LEFT,DEFEND,LEFT+DEFEND,train
C_fusion,C_fusion/LEFT_DEFEND_03_E1.mp4,BrightQuiet,LEFT,DEFEND,LEFT+DEFEND,test
C_fusion,C_fusion/LEFT_DEFEND_03_E2.mp4,BrightFan,LEFT,DEFEND,LEFT+DEFEND,train
C_fusion,C_fusion/LEFT_DEFEND_03_E3.mp4,DimQuiet,LEFT,DEFEND,LEFT+DEFEND,test
C_fusion,C_fusion/LEFT_DEFEND_03_E4.mp4,DimFan,LEFT,DEFEND,LEFT+DEFEND,train
C_fusion,C_fusion/LEFT_DEFEND_04_E1.mp4,BrightQuiet,LEFT,DEFEND,LEFT+DEFEND,val
C_fusion,C_fusion/LEFT_DEFEND_04_E2.mp4,BrightFan,LEFT,DEFEND,LEFT+DEFEND,train
C_fusion,C_fusion/LEFT_DEFEND_04_E3.mp4,DimQuiet,LEFT,DEFEND,LEFT+DEFEND,val
C_fusion,C_fusion/LEFT_DEFEND_04_E4.mp4,DimFan,LEFT,DEFEND,LEFT+DEFEND,test
C_fusion,C_fusion/LEFT_DEFEND_05_E1.mp4,BrightQuiet,LEFT,DEFEND,LEFT+DEFEND,test
C_fusion,C_fusion/LEFT_DEFEND_05_E2.mp4,BrightFan,LEFT,DEFEND,LEFT+DEFEND,train
C_fusion,C_fusion/LEFT_DEFEND_05_E3.mp4,DimQuiet,LEFT,DEFEND,LEFT+DEFEND,train
C_fusion,C_fusion/LEFT_DEFEND_05_E4.mp4,DimFan,LEFT,DEFEND,LEFT+DEFEND,test
C_fusion,C_fusion/LEFT_DEFEND_06_E1.mp4,BrightQuiet,LEFT,DEFEND,LEFT+DEFEND,val
C_fusion,C_fusion/LEFT_DEFEND_06_E2.mp4,BrightFan,LEFT,DEFEND,LEFT+DEFEND,train
C_fusion,C_fusion/LEFT_DEFEND_06_E3.mp4,DimQuiet,LEFT,DEFEND,LEFT+DEFEND,test
C_fusion,C_fusion/LEFT_DEFEND_06_E4.mp4,DimFan,LEFT,DEFEND,LEFT+DEFEND,train
C_fusion,C_fusion/LEFT_DEFEND_07_E1.mp4,BrightQuiet,LEFT,DEFEND,LEFT+DEFEND,test
C_fusion,C_fusion/LEFT_DEFEND_07_E2.mp4,BrightFan,LEFT,DEFEND,LEFT+DEFEND,train
C_fusion,C_fusion/LEFT_DEFEND_07_E3.mp4,DimQuiet,LEFT,DEFEND,LEFT+DEFEND,val
C_fusion,C_fusion/LEFT_DEFEND_07_E4.mp4,DimFan,LEFT,DEFEND,LEFT+DEFEND,train
C_fusion,C_fusion/LEFT_DEFEND_08_E1.mp4,BrightQuiet,LEFT,DEFEND,LEFT+DEFEND,train
C_fusion,C_fusion/LEFT_DEFEND_08_E2.mp4,BrightFan,LEFT,DEFEND,LEFT+DEFEND,val
C_fusion,C_fusion/LEFT_DEFEND_08_E3.mp4,DimQuiet,LEFT,DEFEND,LEFT+DEFEND,val
C_fusion,C_fusion/LEFT_DEFEND_08_E4.mp4,DimFan,LEFT,DEFEND,LEFT+DEFEND,train
C_fusion,C_fusion/LEFT_DEFEND_09_E1.mp4,BrightQuiet,LEFT,DEFEND,LEFT+DEFEND,val
C_fusion,C_fusion/LEFT_DEFEND_09_E2.mp4,BrightFan,LEFT,DEFEND,LEFT+DEFEND,train
C_fusion,C_fusion/LEFT_DEFEND_09_E3.mp4,DimQuiet,LEFT,DEFEND,LEFT+DEFEND,train
C_fusion,C_fusion/LEFT_DEFEND_09_E4.mp4,DimFan,LEFT,DEFEND,LEFT+DEFEND,train
C_fusion,C_fusion/LEFT_DEFEND_10_E1.mp4,BrightQuiet,LEFT,DEFEND,LEFT+DEFEND,val
C_fusion,C_fusion/LEFT_DEFEND_10_E2.mp4,BrightFan,LEFT,DEFEND,LEFT+DEFEND,train
C_fusion,C_fusion/LEFT_DEFEND_10_E3.mp4,DimQuiet,LEFT,DEFEND,LEFT+DEFEND,train
C_fusion,C_fusion/LEFT_DEFEND_10_E4.mp4,DimFan,LEFT,DEFEND,LEFT+DEFEND,train
C_fusion,C_fusion/RIGHT_ATTACK_01_E1.mp4,BrightQuiet,RIGHT,ATTACK,RIGHT+ATTACK,train
C_fusion,C_fusion/RIGHT_ATTACK_01_E2.mp4,BrightFan,RIGHT,ATTACK,RIGHT+ATTACK,val
C_fusion,C_fusion/RIGHT_ATTACK_01_E3.mp4,DimQuiet,RIGHT,ATTACK,RIGHT+ATTACK,train
C_fusion,C_fusion/RIGHT_ATTACK_01_E4.mp4,DimFan,RIGHT,ATTACK,RIGHT+ATTACK,test
C_fusion,C_fusion/RIGHT_ATTACK_02_E1.mp4,BrightQuiet,RIGHT,ATTACK,RIGHT+ATTACK,val
C_fusion,C_fusion/RIGHT_ATTACK_02_E2.mp4,BrightFan,RIGHT,ATTACK,RIGHT+ATTACK,test
C_fusion,C_fusion/RIGHT_ATTACK_02_E3.mp4,DimQuiet,RIGHT,ATTACK,RIGHT+ATTACK,train
C_fusion,C_fusion/RIGHT_ATTACK_02_E4.mp4,DimFan,RIGHT,ATTACK,RIGHT+ATTACK,train
C_fusion,C_fusion/RIGHT_ATTACK_03_E1.mp4,BrightQuiet,RIGHT,ATTACK,RIGHT+ATTACK,train
C_fusion,C_fusion/RIGHT_ATTACK_03_E2.mp4,BrightFan,RIGHT,ATTACK,RIGHT+ATTACK,val
C_fusion,C_fusion/RIGHT_ATTACK_03_E3.mp4,DimQuiet,RIGHT,ATTACK,RIGHT+ATTACK,train
C_fusion,C_fusion/RIGHT_ATTACK_03_E4.mp4,DimFan,RIGHT,ATTACK,RIGHT+ATTACK,train
C_fusion,C_fusion/RIGHT_ATTACK_04_E1.mp4,BrightQuiet,RIGHT,ATTACK,RIGHT+ATTACK,train
C_fusion,C_fusion/RIGHT_ATTACK_04_E2.mp4,BrightFan,RIGHT,ATTACK,RIGHT+ATTACK,val
C_fusion,C_fusion/RIGHT_ATTACK_04_E3.mp4,DimQuiet,RIGHT,ATTACK,RIGHT+ATTACK,train
C_fusion,C_fusion/RIGHT_ATTACK_04_E4.mp4,DimFan,RIGHT,ATTACK,RIGHT+ATTACK,val
C_fusion,C_fusion/RIGHT_ATTACK_05_E1.mp4,BrightQuiet,RIGHT,ATTACK,RIGHT+ATTACK,train
C_fusion,C_fusion/RIGHT_ATTACK_05_E2.mp4,BrightFan,RIGHT,ATTACK,RIGHT+ATTACK,train
C_fusion,C_fusion/RIGHT_ATTACK_05_E3.mp4,DimQuiet,RIGHT,ATTACK,RIGHT+ATTACK,test
C_fusion,C_fusion/RIGHT_ATTACK_05_E4.mp4,DimFan,RIGHT,ATTACK,RIGHT+ATTACK,train
C_fusion,C_fusion/RIGHT_ATTACK_06_E1.mp4,BrightQuiet,RIGHT,ATTACK,RIGHT+ATTACK,train
C_fusion,C_fusion/RIGHT_ATTACK_06_E2.mp4,BrightFan,RIGHT,ATTACK,RIGHT+ATTACK,train
C_fusion,C_fusion/RIGHT_ATTACK_06_E3.mp4,DimQuiet,RIGHT,ATTACK,RIGHT+ATTACK,train
C_fusion,C_fusion/RIGHT_ATTACK_06_E4.mp4,DimFan,RIGHT,ATTACK,RIGHT+ATTACK,val
C_fusion,C_fusion/RIGHT_ATTACK_07_E1.mp4,BrightQuiet,RIGHT,ATTACK,RIGHT+ATTACK,train
C_fusion,C_fusion/RIGHT_ATTACK_07_E2.mp4,BrightFan,RIGHT,ATTACK,RIGHT+ATTACK,train
C_fusion,C_fusion/RIGHT_ATTACK_07_E3.mp4,DimQuiet,RIGHT,ATTACK,RIGHT+ATTACK,train
C_fusion,C_fusion/RIGHT_ATTACK_07_E4.mp4,DimFan,RIGHT,ATTACK,RIGHT+ATTACK,test
C_fusion,C_fusion/RIGHT_ATTACK_08_E1.mp4,BrightQuiet,RIGHT,ATTACK,RIGHT+ATTACK,test
C_fusion,C_fusion/RIGHT_ATTACK_08_E2.mp4,BrightFan,RIGHT,ATTACK,RIGHT+ATTACK,train
C_fusion,C_fusion/RIGHT_ATTACK_08_E3.mp4,DimQuiet,RIGHT,ATTACK,RIGHT+ATTACK,train
C_fusion,C_fusion/RIGHT_ATTACK_08_E4.mp4,DimFan,RIGHT,ATTACK,RIGHT+ATTACK,val
C_fusion,C_fusion/RIGHT_ATTACK_09_E1.mp4,BrightQuiet,RIGHT,ATTACK,RIGHT+ATTACK,test
C_fusion,C_fusion/RIGHT_ATTACK_09_E2.mp4,BrightFan,RIGHT,ATTACK,RIGHT+ATTACK,test
C_fusion,C_fusion/RIGHT_ATTACK_09_E3.mp4,DimQuiet,RIGHT,ATTACK,RIGHT+ATTACK,val
C_fusion,C_fusion/RIGHT_ATTACK_09_E4.mp4,DimFan,RIGHT,ATTACK,RIGHT+ATTACK,train
C_fusion,C_fusion/RIGHT_ATTACK_10_E1.mp4,BrightQuiet,RIGHT,ATTACK,RIGHT+ATTACK,train
C_fusion,C_fusion/RIGHT_ATTACK_10_E2.mp4,BrightFan,RIGHT,ATTACK,RIGHT+ATTACK,test
C_fusion,C_fusion/RIGHT_ATTACK_10_E3.mp4,DimQuiet,RIGHT,ATTACK,RIGHT+ATTACK,train
C_fusion,C_fusion/RIGHT_ATTACK_10_E4.mp4,DimFan,RIGHT,ATTACK,RIGHT+ATTACK,train
C_fusion,C_fusion/RIGHT_DEFEND_01_E1.mp4,BrightQuiet,RIGHT,DEFEND,RIGHT+DEFEND,train
C_fusion,C_fusion/RIGHT_DEFEND_01_E2.mp4,BrightFan,RIGHT,DEFEND,RIGHT+DEFEND,test
C_fusion,C_fusion/RIGHT_DEFEND_01_E3.mp4,DimQuiet,RIGHT,DEFEND,RIGHT+DEFEND,train
C_fusion,C_fusion/RIGHT_DEFEND_01_E4.mp4,DimFan,RIGHT,DEFEND,RIGHT+DEFEND,train
C_fusion,C_fusion/RIGHT_DEFEND_02_E1.mp4,BrightQuiet,RIGHT,DEFEND,RIGHT+DEFEND,val
C_fusion,C_fusion/RIGHT_DEFEND_02_E2.mp4,BrightFan,RIGHT,DEFEND,RIGHT+DEFEND,test
C_fusion,C_fusion/RIGHT_DEFEND_02_E3.mp4,DimQuiet,RIGHT,DEFEND,RIGHT+DEFEND,val
C_fusion,C_fusion/RIGHT_DEFEND_02_E4.mp4,DimFan,RIGHT,DEFEND,RIGHT+DEFEND,test
C_fusion,C_fusion/RIGHT_DEFEND_03_E1.mp4,BrightQuiet,RIGHT,DEFEND,RIGHT+DEFEND,test
C_fusion,C_fusion/RIGHT_DEFEND_03_E2.mp4,BrightFan,RIGHT,DEFEND,RIGHT+DEFEND,train
C_fusion,C_fusion/RIGHT_DEFEND_03_E3.mp4,DimQuiet,RIGHT,DEFEND,RIGHT+DEFEND,train
C_fusion,C_fusion/RIGHT_DEFEND_03_E4.mp4,DimFan,RIGHT,DEFEND,RIGHT+DEFEND,test
C_fusion,C_fusion/RIGHT_DEFEND_04_E1.mp4,BrightQuiet,RIGHT,DEFEND,RIGHT+DEFEND,train
C_fusion,C_fusion/RIGHT_DEFEND_04_E2.mp4,BrightFan,RIGHT,DEFEND,RIGHT+DEFEND,train
C_fusion,C_fusion/RIGHT_DEFEND_04_E3.mp4,DimQuiet,RIGHT,DEFEND,RIGHT+DEFEND,test
C_fusion,C_fusion/RIGHT_DEFEND_04_E4.mp4,DimFan,RIGHT,DEFEND,RIGHT+DEFEND,val
C_fusion,C_fusion/RIGHT_DEFEND_05_E1.mp4,BrightQuiet,RIGHT,DEFEND,RIGHT+DEFEND,train
C_fusion,C_fusion/RIGHT_DEFEND_05_E2.mp4,BrightFan,RIGHT,DEFEND,RIGHT+DEFEND,val
C_fusion,C_fusion/RIGHT_DEFEND_05_E3.mp4,DimQuiet,RIGHT,DEFEND,RIGHT+DEFEND,val
C_fusion,C_fusion/RIGHT_DEFEND_05_E4.mp4,DimFan,RIGHT,DEFEND,RIGHT+DEFEND,train
C_fusion,C_fusion/RIGHT_DEFEND_06_E1.mp4,BrightQuiet,RIGHT,DEFEND,RIGHT+DEFEND,train
C_fusion,C_fusion/RIGHT_DEFEND_06_E2.mp4,BrightFan,RIGHT,DEFEND,RIGHT+DEFEND,train
C_fusion,C_fusion/RIGHT_DEFEND_06_E3.mp4,DimQuiet,RIGHT,DEFEND,RIGHT+DEFEND,train
C_fusion,C_fusion/RIGHT_DEFEND_06_E4.mp4,DimFan,RIGHT,DEFEND,RIGHT+DEFEND,train
C_fusion,C_fusion/RIGHT_DEFEND_07_E1.mp4,BrightQuiet,RIGHT,DEFEND,RIGHT+DEFEND,train
C_fusion,C_fusion/RIGHT_DEFEND_07_E2.mp4,BrightFan,RIGHT,DEFEND,RIGHT+DEFEND,train
C_fusion,C_fusion/RIGHT_DEFEND_07_E3.mp4,DimQuiet,RIGHT,DEFEND,RIGHT+DEFEND,val
C_fusion,C_fusion/RIGHT_DEFEND_07_E4.mp4,DimFan,RIGHT,DEFEND,RIGHT+DEFEND,train
C_fusion,C_fusion/RIGHT_DEFEND_08_E1.mp4,BrightQuiet,RIGHT,DEFEND,RIGHT+DEFEND,train
C_fusion,C_fusion/RIGHT_DEFEND_08_E2.mp4,BrightFan,RIGHT,DEFEND,RIGHT+DEFEND,val
C_fusion,C_fusion/RIGHT_DEFEND_08_E3.mp4,DimQuiet,RIGHT,DEFEND,RIGHT+DEFEND,train
C_fusion,C_fusion/RIGHT_DEFEND_08_E4.mp4,DimFan,RIGHT,DEFEND,RIGHT+DEFEND,val
C_fusion,C_fusion/RIGHT_DEFEND_09_E1.mp4,BrightQuiet,RIGHT,DEFEND,RIGHT+DEFEND,train
C_fusion,C_fusion/RIGHT_DEFEND_09_E2.mp4,BrightFan,RIGHT,DEFEND,RIGHT+DEFEND,test
C_fusion,C_fusion/RIGHT_DEFEND_09_E3.mp4,DimQuiet,RIGHT,DEFEND,RIGHT+DEFEND,train
C_fusion,C_fusion/RIGHT_DEFEND_09_E4.mp4,DimFan,RIGHT,DEFEND,RIGHT+DEFEND,train
C_fusion,C_fusion/RIGHT_DEFEND_10_E1.mp4,BrightQuiet,RIGHT,DEFEND,RIGHT+DEFEND,train
C_fusion,C_fusion/RIGHT_DEFEND_10_E2.mp4,BrightFan,RIGHT,DEFEND,RIGHT+DEFEND,train
C_fusion,C_fusion/RIGHT_DEFEND_10_E3.mp4,DimQuiet,RIGHT,DEFEND,RIGHT+DEFEND,train
C_fusion,C_fusion/RIGHT_DEFEND_10_E4.mp4,DimFan,RIGHT,DEFEND,RIGHT+DEFEND,test
C_fusion,C_fusion/STOP_ATTACK_01_E1.mp4,BrightQuiet,STOP,ATTACK,STOP+ATTACK,val
C_fusion,C_fusion/STOP_ATTACK_01_E2.mp4,BrightFan,STOP,ATTACK,STOP+ATTACK,test
C_fusion,C_fusion/STOP_ATTACK_01_E3.mp4,DimQuiet,STOP,ATTACK,STOP+ATTACK,train
C_fusion,C_fusion/STOP_ATTACK_01_E4.mp4,DimFan,STOP,ATTACK,STOP+ATTACK,val
C_fusion,C_fusion/STOP_ATTACK_02_E1.mp4,BrightQuiet,STOP,ATTACK,STOP+ATTACK,test
C_fusion,C_fusion/STOP_ATTACK_02_E2.mp4,BrightFan,STOP,ATTACK,STOP+ATTACK,train
C_fusion,C_fusion/STOP_ATTACK_02_E3.mp4,DimQuiet,STOP,ATTACK,STOP+ATTACK,test
C_fusion,C_fusion/STOP_ATTACK_02_E4.mp4,DimFan,STOP,ATTACK,STOP+ATTACK,train
C_fusion,C_fusion/STOP_ATTACK_03_E1.mp4,BrightQuiet,STOP,ATTACK,STOP+ATTACK,test
C_fusion,C_fusion/STOP_ATTACK_03_E2.mp4,BrightFan,STOP,ATTACK,STOP+ATTACK,train
C_fusion,C_fusion/STOP_ATTACK_03_E3.mp4,DimQuiet,STOP,ATTACK,STOP+ATTACK,train
C_fusion,C_fusion/STOP_ATTACK_03_E4.mp4,DimFan,STOP,ATTACK,STOP+ATTACK,test
C_fusion,C_fusion/STOP_ATTACK_04_E1.mp4,BrightQuiet,STOP,ATTACK,STOP+ATTACK,val
C_fusion,C_fusion/STOP_ATTACK_04_E2.mp4,BrightFan,STOP,ATTACK,STOP+ATTACK,train
C_fusion,C_fusion/STOP_ATTACK_04_E3.mp4,DimQuiet,STOP,ATTACK,STOP+ATTACK,val
C_fusion,C_fusion/STOP_ATTACK_04_E4.mp4,DimFan,STOP,ATTACK,STOP+ATTACK,test
C_fusion,C_fusion/STOP_ATTACK_05_E1.mp4,BrightQuiet,STOP,ATTACK,STOP+ATTACK,train
C_fusion,C_fusion/STOP_ATTACK_05_E2.mp4,BrightFan,STOP,ATTACK,STOP+ATTACK,val
C_fusion,C_fusion/STOP_ATTACK_05_E3.mp4,DimQuiet,STOP,ATTACK,STOP+ATTACK,val
C_fusion,C_fusion/STOP_ATTACK_05_E4.mp4,DimFan,STOP,ATTACK,STOP+ATTACK,train
C_fusion,C_fusion/STOP_ATTACK_06_E1.mp4,BrightQuiet,STOP,ATTACK,STOP+ATTACK,train
C_fusion,C_fusion/STOP_ATTACK_06_E2.mp4,BrightFan,STOP,ATTACK,STOP+ATTACK,train
C_fusion,C_fusion/STOP_ATTACK_06_E3.mp4,DimQuiet,STOP,ATTACK,STOP+ATTACK,test
C_fusion,C_fusion/STOP_ATTACK_06_E4.mp4,DimFan,STOP,ATTACK,STOP+ATTACK,train
C_fusion,C_fusion/STOP_ATTACK_07_E1.mp4,BrightQuiet,STOP,ATTACK,STOP+ATTACK,train
C_fusion,C_fusion/STOP_ATTACK_07_E2.mp4,BrightFan,STOP,ATTACK,STOP+ATTACK,train
C_fusion,C_fusion/STOP_ATTACK_07_E3.mp4,DimQuiet,STOP,ATTACK,STOP+ATTACK,test
C_fusion,C_fusion/STOP_ATTACK_07_E4.mp4,DimFan,STOP,ATTACK,STOP+ATTACK,val
C_fusion,C_fusion/STOP_ATTACK_08_E1.mp4,BrightQuiet,STOP,ATTACK,STOP+ATTACK,train
C_fusion,C_fusion/STOP_ATTACK_08_E2.mp4,BrightFan,STOP,ATTACK,STOP+ATTACK,train
C_fusion,C_fusion/STOP_ATTACK_08_E3.mp4,DimQuiet,STOP,ATTACK,STOP+ATTACK,train
C_fusion,C_fusion/STOP_ATTACK_08_E4.mp4,DimFan,STOP,ATTACK,STOP+ATTACK,train
C_fusion,C_fusion/STOP_ATTACK_09_E1.mp4,BrightQuiet,STOP,ATTACK,STOP+ATTACK,train
C_fusion,C_fusion/STOP_ATTACK_09_E2.mp4,BrightFan,STOP,ATTACK,STOP+ATTACK,val
C_fusion,C_fusion/STOP_ATTACK_09_E3.mp4,DimQuiet,STOP,ATTACK,STOP+ATTACK,train
C_fusion,C_fusion/STOP_ATTACK_09_E4.mp4,DimFan,STOP,ATTACK,STOP+ATTACK,train
C_fusion,C_fusion/STOP_ATTACK_10_E1.mp4,BrightQuiet,STOP,ATTACK,STOP+ATTACK,train
C_fusion,C_fusion/STOP_ATTACK_10_E2.mp4,BrightFan,STOP,ATTACK,STOP+ATTACK,train
C_fusion,C_fusion/STOP_ATTACK_10_E3.mp4,DimQuiet,STOP,ATTACK,STOP+ATTACK,train
C_fusion,C_fusion/STOP_ATTACK_10_E4.mp4,DimFan,STOP,ATTACK,STOP+ATTACK,train
C_fusion,C_fusion/STOP_DEFEND_01_E1.mp4,BrightQuiet,STOP,DEFEND,STOP+DEFEND,train
C_fusion,C_fusion/STOP_DEFEND_01_E2.mp4,BrightFan,STOP,DEFEND,STOP+DEFEND,train
C_fusion,C_fusion/STOP_DEFEND_01_E3.mp4,DimQuiet,STOP,DEFEND,STOP+DEFEND,test
C_fusion,C_fusion/STOP_DEFEND_01_E4.mp4,DimFan,STOP,DEFEND,STOP+DEFEND,train
C_fusion,C_fusion/STOP_DEFEND_02_E1.mp4,BrightQuiet,STOP,DEFEND,STOP+DEFEND,train
C_fusion,C_fusion/STOP_DEFEND_02_E2.mp4,BrightFan,STOP,DEFEND,STOP+DEFEND,train
C_fusion,C_fusion/STOP_DEFEND_02_E3.mp4,DimQuiet,STOP,DEFEND,STOP+DEFEND,train
C_fusion,C_fusion/STOP_DEFEND_02_E4.mp4,DimFan,STOP,DEFEND,STOP+DEFEND,train
C_fusion,C_fusion/STOP_DEFEND_03_E1.mp4,BrightQuiet,STOP,DEFEND,STOP+DEFEND,val
C_fusion,C_fusion/STOP_DEFEND_03_E2.mp4,BrightFan,STOP,DEFEND,STOP+DEFEND,train
C_fusion,C_fusion/STOP_DEFEND_03_E3.mp4,DimQuiet,STOP,DEFEND,STOP+DEFEND,train
C_fusion,C_fusion/STOP_DEFEND_03_E4.mp4,DimFan,STOP,DEFEND,STOP+DEFEND,val
C_fusion,C_fusion/STOP_DEFEND_04_E1.mp4,BrightQuiet,STOP,DEFEND,STOP+DEFEND,val
C_fusion,C_fusion/STOP_DEFEND_04_E2.mp4,BrightFan,STOP,DEFEND,STOP+DEFEND,val
C_fusion,C_fusion/STOP_DEFEND_04_E3.mp4,DimQuiet,STOP,DEFEND,STOP+DEFEND,train
C_fusion,C_fusion/STOP_DEFEND_04_E4.mp4,DimFan,STOP,DEFEND,STOP+DEFEND,train
C_fusion,C_fusion/STOP_DEFEND_05_E1.mp4,BrightQuiet,STOP,DEFEND,STOP+DEFEND,train
C_fusion,C_fusion/STOP_DEFEND_05_E2.mp4,BrightFan,STOP,DEFEND,STOP+DEFEND,train
C_fusion,C_fusion/STOP_DEFEND_05_E3.mp4,DimQuiet,STOP,DEFEND,STOP+DEFEND,test
C_fusion,C_fusion/STOP_DEFEND_05_E4.mp4,DimFan,STOP,DEFEND,STOP+DEFEND,val
C_fusion,C_fusion/STOP_DEFEND_06_E1.mp4,BrightQuiet,STOP,DEFEND,STOP+DEFEND,test
C_fusion,C_fusion/STOP_DEFEND_06_E2.mp4,BrightFan,STOP,DEFEND,STOP+DEFEND,train
C_fusion,C_fusion/STOP_DEFEND_06_E3.mp4,DimQuiet,STOP,DEFEND,STOP+DEFEND,train
C_fusion,C_fusion/STOP_DEFEND_06_E4.mp4,DimFan,STOP,DEFEND,STOP+DEFEND,val
C_fusion,C_fusion/STOP_DEFEND_07_E1.mp4,BrightQuiet,STOP,DEFEND,STOP+DEFEND,train
C_fusion,C_fusion/STOP_DEFEND_07_E2.mp4,BrightFan,STOP,DEFEND,STOP+DEFEND,train
C_fusion,C_fusion/STOP_DEFEND_07_E3.mp4,DimQuiet,STOP,DEFEND,STOP+DEFEND,train
C_fusion,C_fusion/STOP_DEFEND_07_E4.mp4,DimFan,STOP,DEFEND,STOP+DEFEND,train
C_fusion,C_fusion/STOP_DEFEND_08_E1.mp4,BrightQuiet,STOP,DEFEND,STOP+DEFEND,test
C_fusion,C_fusion/STOP_DEFEND_08_E2.mp4,BrightFan,STOP,DEFEND,STOP+DEFEND,test
C_fusion,C_fusion/STOP_DEFEND_08_E3.mp4,DimQuiet,STOP,DEFEND,STOP+DEFEND,test
C_fusion,C_fusion/STOP_DEFEND_08_E4.mp4,DimFan,STOP,DEFEND,STOP+DEFEND,train
C_fusion,C_fusion/STOP_DEFEND_09_E1.mp4,BrightQuiet,STOP,DEFEND,STOP+DEFEND,train
C_fusion,C_fusion/STOP_DEFEND_09_E2.mp4,BrightFan,STOP,DEFEND,STOP+DEFEND,val
C_fusion,C_fusion/STOP_DEFEND_09_E3.mp4,DimQuiet,STOP,DEFEND,STOP+DEFEND,test
C_fusion,C_fusion/STOP_DEFEND_09_E4.mp4,DimFan,STOP,DEFEND,STOP+DEFEND,val
C_fusion,C_fusion/STOP_DEFEND_10_E1.mp4,BrightQuiet,STOP,DEFEND,STOP+DEFEND,test
C_fusion,C_fusion/STOP_DEFEND_10_E2.mp4,BrightFan,STOP,DEFEND,STOP+DEFEND,train
C_fusion,C_fusion/STOP_DEFEND_10_E3.mp4,DimQuiet,STOP,DEFEND,STOP+DEFEND,train
C_fusion,C_fusion/STOP_DEFEND_10_E4.mp4,DimFan,STOP,DEFEND,STOP+DEFEND,train
